﻿[{"code":0,"data":{"currentPage":1,"endRow":10,"pageSize":10,"result":[{"account":"yanshi","activationTime":"2016-08-18 17:00:30","creationDate":"2016-08-09 09:24:50","devName":"1","deviceAlias":"GT710","deviceName":"1","driverName":"1","email":"ahzk@ah-zk.com","enabledFlag":1,"expiration":"2036-08-18 17:00:30","fullParent":"1,12871,13366,12876,12997,16303,","id":"fce51ab9c4a242eb8a2f26dfba3eadbe","imei":"868120143074430","language":"zh","mcType":"GT710","mcTypeUseScope":"personal","online":0,"orgId":"6c5bee52126f4072a91a3179b0a0f3ba","orgName":"默认组","parentId":"16303","relationId":"e4acebaa716c41398f5adc1831326892","updationDate":"2016-08-18 17:22:08","userExpiration":"2036-08-18 17:00:30","userExpirationStr":"2036-08-18","userId":"16341","userName":"演示账户","vehicleIcon":"automobile","vehicleNumber":"1"},{"account":"yanshi","activationTime":"2016-07-29 09:46:29","creationDate":"2016-07-28 18:10:14","devName":"868120127740113","deviceAlias":"A50","deviceName":"868120127740113","email":"ahzk@ah-zk.com","enabledFlag":1,"expiration":"2017-07-29 09:46:29","fullParent":"1,12871,13366,12876,12997,16303,","id":"a6c4c6ae0abe46bfab3a5fcdaaf1d1d2","imei":"868120127740113","language":"zh","mcType":"V50","mcTypeUseScope":"aotomobile","online":0,"orgId":"6c5bee52126f4072a91a3179b0a0f3ba","orgName":"默认组","parentId":"16303","relationId":"e4acebaa716c41398f5adc1831326892","updationDate":"2016-07-29 09:47:38","userExpiration":"2017-07-29 09:46:29","userExpirationStr":"2017-07-29","userId":"16341","userName":"演示账户","vehicleIcon":"automobile"},{"account":"yanshi","activationTime":"2016-08-11 10:17:15","carFrame":"","creationDate":"2016-07-07 15:08:10","devName":"皖A99999","deviceAlias":"GT710","deviceName":"皖A99999","driverName":"","driverPhone":"","email":"ahzk@ah-zk.com","enabledFlag":1,"engineNumber":"","expiration":"2036-08-11 10:17:15","fullParent":"1,12871,13366,12876,12997,16303,","id":"89bfbb4ed1754dbba297cad37eafdebe","idCard":"","imei":"868120141245867","installAddress":"","installCompany":"","installImage":"","installPersonnel":"","installPosition":"","language":"zh","mcType":"GT710","mcTypeUseScope":"personal","online":0,"orgId":"6c5bee52126f4072a91a3179b0a0f3ba","orgName":"默认组","parentId":"16303","reMark":"","relationId":"e4acebaa716c41398f5adc1831326892","sim":"","sn":"","updationDate":"2016-12-01 17:27:32","userExpiration":"2036-08-11 10:17:15","userExpirationStr":"2036-08-11","userId":"16341","userName":"演示账户","vehicleIcon":"automobile","vehicleNumber":""},{"account":"yanshi","activationTime":"2016-05-13 07:24:54","creationDate":"2016-05-12 15:18:28","devName":"张小图 皖A888888","deviceAlias":"GT710","deviceName":"张小图 皖A888888","driverName":"张小图","driverPhone":"13805510551","email":"ahzk@ah-zk.com","enabledFlag":1,"expiration":"2036-05-13 07:24:54","fullParent":"1,12871,13366,12876,12997,16303,","id":"9820bbe85980418cae586b272068ffe6","imei":"868120136489264","language":"zh","mcType":"GT710","mcTypeUseScope":"personal","online":0,"orgId":"6c5bee52126f4072a91a3179b0a0f3ba","orgName":"默认组","parentId":"16303","relationId":"e4acebaa716c41398f5adc1831326892","sim":"1064831990647","updationDate":"2016-06-18 10:55:22","userExpiration":"2036-05-13 07:24:54","userExpirationStr":"2036-05-13","userId":"16341","userName":"演示账户","vehicleIcon":"automobile","vehicleNumber":"皖A888888"}],"startRow":0,"totalPage":1,"totalRecord":4},"ok":true}]
